Operating_Hours,,,,,,,,,
placeID,from_hours,to_hours,Monday,Tuesday,Wednesday,Thursday,Friday,Saturday,Sunday
135111,0:00,23:30,1,1,1,1,1,,
135111,0:00,23:30,,,,,,1,
135111,0:00,23:30,,,,,,,1
135110,8:00,19:00,1,1,1,1,1,,
135110,0:00,0:00,,,,,,1,
135110,0:00,0:00,,,,,,,1
135109,8:00,21:00,1,1,1,1,1,,
135109,8:00,21:00,,,,,,1,
135109,8:00,21:00,,,,,,,1
135108,0:00,23:30,1,1,1,1,1,,
135108,0:00,23:30,,,,,,1,
135108,0:00,23:30,,,,,,,1
135107,7:00,23:30,1,1,1,1,1,,
135107,7:00,23:30,,,,,,1,
135107,7:00,23:30,,,,,,,1
135106,18:00,23:30,1,1,1,1,1,,
135106,18:00,23:30,,,,,,1,
135106,18:00,21:00,,,,,,,1
135105,0:00,23:30,1,1,1,1,1,,
135105,20:30,23:30,,,,,,1,
135105,0:00,23:30,,,,,,,1
135104,0:00,23:30,1,1,1,1,1,,
135104,0:00,23:30,,,,,,1,
135104,0:00,23:30,,,,,,,1
135103,12:00,22:00,1,1,1,1,1,,
135103,12:00,23:00,,,,,,1,
135103,12:00,22:00,,,,,,,1
135102,9:00,23:00,1,1,1,1,1,,
135102,9:00,1:00,,,,,,1,
135102,9:00,22:00,,,,,,,1
135101,13:00,8:00,1,1,1,1,1,,
135101,13:00,8:00,,,,,,1,
135101,13:00,8:00,,,,,,,1
135100,14:00,23:30,1,1,1,1,1,,
135100,14:00,23:30,,,,,,1,
135100,14:00,23:30,,,,,,,1
135099,13:00,23:00,1,1,1,1,1,,
135099,13:00,0:00,,,,,,1,
135099,13:00,22:00,,,,,,,1
135098,13:00,23:30,1,1,1,1,1,,
135098,13:00,0:30,,,,,,1,
135098,13:00,1:00,,,,,,,1
135097,10:00,23:30,1,1,1,1,1,,
135097,10:00,23:30,,,,,,1,
135097,11:00,23:30,,,,,,,1
135094,11:00,23:30,1,1,1,1,1,,
135094,11:00,23:30,,,,,,1,
135094,11:00,22:00,,,,,,,1
135093,12:00,22:00,1,1,1,1,1,,
135093,12:00,22:00,,,,,,1,
135093,12:00,22:00,,,,,,,1
135092,9:00,17:00,1,1,1,1,1,,
135092,9:00,13:00,,,,,,1,
135092,0:00,23:30,,,,,,,1
135091,11:00,21:00,1,1,1,1,1,,
135091,11:00,21:00,,,,,,1,
135091,11:00,21:00,,,,,,,1
135090,7:00,0:00,1,1,1,1,1,,
135090,7:00,0:00,,,,,,1,
135090,7:00,0:00,,,,,,,1
135089,13:00,20:00,1,1,1,1,1,,
135089,13:00,20:00,,,,,,1,
135089,13:00,20:00,,,,,,,1
135088,9:00,16:00,1,1,1,1,1,,
135088,0:00,0:00,,,,,,1,
135088,0:00,0:00,,,,,,,1
135086,8:00,23:00,1,1,1,1,1,,
135086,8:00,23:00,,,,,,1,
135086,8:00,23:00,,,,,,,1
135085,0:00,0:00,1,1,1,1,1,,
135085,0:00,0:00,,,,,,1,
135085,0:00,0:00,,,,,,,1
135084,11:00,23:00,1,1,1,1,1,,
135084,11:00,23:00,,,,,,1,
135084,11:00,23:00,,,,,,,1
135082,10:00,18:00,1,1,1,1,1,,
135082,10:00,18:00,,,,,,1,
135082,10:00,18:00,,,,,,,1
135081,14:00,23:30,1,1,1,1,1,,
135081,14:00,23:30,,,,,,1,
135081,14:00,23:30,,,,,,,1
135080,14:00,23:30,1,1,1,1,1,,
135080,14:00,23:30,,,,,,1,
135080,14:00,23:30,,,,,,,1
135079,13:00,22:30,1,1,1,1,1,,
135079,13:30,22:30,,,,,,1,
135079,13:30,22:30,,,,,,,1
135078,14:00,20:00,1,1,1,1,1,,
135078,14:00,20:00,,,,,,1,
135078,14:00,20:00,,,,,,,1
135077,6:00,18:00,1,1,1,1,1,,
135077,0:00,0:00,,,,,,1,
135077,0:00,23:30,,,,,,,1
135076,12:00,23:30,1,1,1,1,1,,
135076,12:00,23:30,,,,,,1,
135076,12:00,23:30,,,,,,,1
135075,0:00,23:30,1,1,1,1,1,,
135075,0:00,23:30,,,,,,1,
135075,0:00,23:30,,,,,,,1
135074,7:00,23:30,1,1,1,1,1,,
135074,7:00,23:30,,,,,,1,
135074,7:00,23:30,,,,,,,1
135073,9:30,23:30,1,1,1,1,1,,
135073,9:30,23:30,,,,,,1,
135073,0:00,0:00,,,,,,,1
135072,13:00,23:00,1,1,1,1,1,,
135072,13:00,23:30,,,,,,1,
135072,13:00,22:00,,,,,,,1
135071,13:00,23:30,1,1,1,1,1,,
135071,13:00,23:30,,,,,,1,
135071,13:00,20:00,,,,,,,1
135070,7:00,23:00,1,1,1,1,1,,
135070,7:00,23:00,,,,,,1,
135070,7:00,23:00,,,,,,,1
135069,9:00,23:30,1,1,1,1,1,,
135069,9:00,23:30,,,,,,1,
135069,9:00,23:30,,,,,,,1
135068,12:00,23:30,1,1,1,1,1,,
135068,12:00,23:30,,,,,,1,
135068,0:00,0:00,,,,,,,1
135067,12:00,23:00,1,1,1,1,1,,
135067,12:00,23:00,,,,,,1,
135067,12:00,23:00,,,,,,,1
135066,7:00,23:00,,,,,,1,
135066,7:00,23:00,1,1,1,1,1,,
135066,7:00,23:00,,,,,,,1
135065,14:00,23:30,1,1,1,1,1,,
135065,14:00,23:30,,,,,,1,
135065,14:00,18:00,,,,,,,1
135064,7:00,22:30,1,1,1,1,1,,
135064,7:00,22:30,,,,,,1,
135064,7:00,22:30,,,,,,,1
135063,8:30,19:30,1,1,1,1,1,,
135063,8:30,19:30,,,,,,1,
135063,9:00,15:00,,,,,,,1
135062,0:00,23:30,1,1,1,1,1,,
135062,0:00,23:30,,,,,,1,
135062,0:00,23:30,,,,,,,1
135061,7:00,23:00,1,1,1,1,1,,
135061,7:00,23:00,,,,,,1,
135061,7:00,23:00,,,,,,,1
135060,11:30,19:00,1,1,1,1,1,,
135060,11:30,19:00,,,,,,1,
135060,11:30,19:00,,,,,,,1
135059,12:00,23:30,1,1,1,1,1,,
135059,12:00,23:30,,,,,,1,
135059,12:00,23:30,,,,,,,1
135058,13:00,23:00,1,1,1,1,1,,
135058,13:00,23:00,,,,,,1,
135058,13:00,23:00,,,,,,,1
135057,13:00,23:00,1,1,1,1,1,,
135057,13:00,23:00,,,,,,1,
135057,13:00,23:00,,,,,,,1
135056,0:00,0:00,1,1,1,1,1,,
135056,0:00,0:00,,,,,,1,
135056,0:00,0:00,,,,,,,1
135055,14:00,22:00,1,1,1,1,1,,
135055,14:00,22:00,,,,,,1,
135055,14:00,20:30,,,,,,,1
135054,7:00,19:00,1,1,1,1,1,,
135054,7:00,19:00,,,,,,1,
135054,7:00,19:00,,,,,,,1
135053,11:00,22:00,1,1,1,1,1,,
135053,11:00,22:00,,,,,,1,
135053,11:00,22:00,,,,,,,1
135052,8:00,23:30,1,1,1,1,1,,
135052,8:00,23:30,,,,,,1,
135052,8:00,23:30,,,,,,,1
135051,8:00,23:30,1,1,1,1,1,,
135051,8:00,23:30,,,,,,1,
135051,0:00,0:00,,,,,,,1
135050,12:00,19:30,1,1,1,1,1,,
135050,12:00,19:30,,,,,,1,
135050,12:00,19:30,,,,,,,1
135049,12:00,20:00,1,1,1,1,1,,
135049,12:00,20:00,,,,,,1,
135049,12:00,20:00,,,,,,,1
135048,11:00,22:30,1,1,1,1,1,,
135048,11:00,22:30,,,,,,1,
135048,11:00,22:30,,,,,,,1
135047,8:00,23:30,1,1,1,1,1,,
135047,8:00,23:30,,,,,,1,
135047,8:00,22:00,,,,,,,1
135046,8:30,21:00,1,1,1,1,1,,
135046,8:30,21:00,,,,,,1,
135046,8:30,21:00,,,,,,,1
135045,13:00,23:30,1,1,1,1,1,,
135045,13:00,23:30,,,,,,1,
135045,13:00,19:00,,,,,,,1
135044,13:00,22:30,1,1,1,1,1,,
135044,13:00,22:30,,,,,,1,
135044,13:00,22:30,,,,,,,1
135043,0:00,0:00,1,1,1,1,1,,
135043,0:00,0:00,,,,,,1,
135043,0:00,0:00,,,,,,,1
135042,11:00,21:30,1,1,1,1,1,,
135042,11:00,21:30,,,,,,1,
135042,11:00,21:30,,,,,,,1
135041,0:00,0:00,1,1,1,1,1,,
135041,0:00,0:00,,,,,,1,
135041,0:00,0:00,,,,,,,1
135040,8:00,23:30,1,1,1,1,1,,
135040,8:00,23:30,,,,,,1,
135040,8:00,23:30,,,,,,,1
135039,10:00,20:00,1,1,1,1,1,,
135039,10:00,20:00,,,,,,1,
135039,10:00,20:00,,,,,,,1
135038,8:00,17:00,1,1,1,1,1,,
135038,8:00,17:00,,,,,,1,
135038,0:00,0:00,,,,,,,1
135037,13:30,22:00,1,1,1,1,1,,
135037,13:30,22:00,,,,,,1,
135037,13:30,22:00,,,,,,,1
135036,12:00,23:30,1,1,1,1,1,,
135036,12:00,23:30,,,,,,1,
135036,12:00,23:30,,,,,,,1
135035,13:30,23:30,1,1,1,1,1,,
135035,13:30,23:30,,,,,,1,
135035,13:30,18:30,,,,,,,1
135034,13:30,23:00,1,1,1,1,1,,
135034,13:30,23:00,,,,,,1,
135034,13:30,19:00,,,,,,,1
135033,9:00,21:00,1,1,1,1,1,,
135033,9:00,21:00,,,,,,1,
135033,9:00,21:00,,,,,,,1
135032,7:00,23:30,1,1,1,1,1,,
135032,7:00,23:30,,,,,,1,
135032,7:00,23:30,,,,,,,1
135031,7:00,19:00,1,1,1,1,1,,
135031,7:00,19:00,,,,,,1,
135031,7:00,19:00,,,,,,,1
135030,0:00,0:00,1,1,1,1,1,,
135030,0:00,0:00,,,,,,1,
135030,0:00,0:00,,,,,,,1
135029,13:00,22:00,1,1,1,1,1,,
135029,13:00,22:00,,,,,,1,
135029,13:00,22:00,,,,,,,1
135028,13:00,23:30,1,1,1,1,1,,
135028,13:00,23:30,,,,,,1,
135028,13:00,19:00,,,,,,,1
135027,8:00,22:00,1,1,1,1,1,,
135027,8:00,23:00,,,,,,1,
135027,8:00,19:00,,,,,,,1
135026,13:30,23:30,1,1,1,1,1,,
135026,13:30,23:30,,,,,,1,
135026,0:00,0:00,,,,,,,1
135025,18:00,23:30,1,1,1,1,1,,
135025,14:00,23:30,,,,,,1,
135025,0:00,0:00,,,,,,,1
135024,0:00,0:00,1,1,1,1,1,,
135024,0:00,0:00,,,,,,1,
135024,0:00,0:00,,,,,,,1
135023,0:00,0:00,1,1,1,1,1,,
135023,0:00,0:00,,,,,,1,
135023,0:00,0:00,,,,,,,1
135022,0:00,0:00,1,1,1,1,1,,
135022,0:00,0:00,,,,,,1,
135022,0:00,0:00,,,,,,,1
135021,0:00,23:30,1,1,1,1,1,,
135021,0:00,23:30,,,,,,1,
135021,0:00,23:30,,,,,,,1
135020,8:00,21:00,1,1,1,1,1,,
135020,8:00,21:00,,,,,,1,
135020,8:00,21:00,,,,,,,1
135019,0:00,0:00,1,1,1,1,1,,
135019,0:00,0:00,,,,,,1,
135019,0:00,0:00,,,,,,,1
135018,0:00,0:00,1,1,1,1,1,,
135018,0:00,0:00,,,,,,1,
135018,0:00,0:00,,,,,,,1
135017,0:00,0:00,1,1,1,1,1,,
135017,0:00,0:00,,,,,,1,
135017,0:00,0:00,,,,,,,1
135016,0:00,0:00,1,1,1,1,1,,
135016,0:00,0:00,,,,,,1,
135016,0:00,0:00,,,,,,,1
135015,0:00,0:00,1,1,1,1,1,,
135015,0:00,0:00,,,,,,1,
135015,0:00,0:00,,,,,,,1
135014,0:00,0:00,1,1,1,1,1,,
135014,0:00,0:00,,,,,,1,
135014,0:00,0:00,,,,,,,1
135013,13:00,22:00,1,1,1,1,1,,
135013,0:00,0:00,,,,,,1,
135013,0:00,0:00,,,,,,,1
135012,0:00,0:00,1,1,1,1,1,,
135012,0:00,0:00,,,,,,1,
135012,0:00,0:00,,,,,,,1
135011,0:00,0:00,1,1,1,1,1,,
135011,0:00,0:00,,,,,,1,
135011,0:00,0:00,,,,,,,1
135010,0:00,0:00,1,1,1,1,1,,
135010,0:00,0:00,,,,,,1,
135010,0:00,0:00,,,,,,,1
135009,0:00,0:00,1,1,1,1,1,,
135009,0:00,0:00,,,,,,1,
135009,0:00,0:00,,,,,,,1
135008,7:30,23:30,1,1,1,1,1,,
135008,7:30,23:30,,,,,,1,
135008,7:30,23:30,,,,,,,1
135007,13:00,18:00,1,1,1,1,1,,
135007,13:00,23:00,,,,,,1,
135007,13:00,19:00,,,,,,,1
135006,12:30,20:30,1,1,1,1,1,,
135006,12:30,20:30,,,,,,1,
135006,12:30,19:00,,,,,,,1
135005,8:30,21:00,1,1,1,1,1,,
135005,8:30,21:00,,,,,,1,
135005,8:30,21:00,,,,,,,1
135004,12:00,23:30,1,1,1,1,1,,
135004,12:00,23:30,,,,,,1,
135004,12:00,23:30,,,,,,,1
135003,12:00,20:00,1,1,1,1,1,,
135003,12:00,20:00,,,,,,1,
135003,12:00,20:00,,,,,,,1
135002,12:00,20:00,1,1,1,1,1,,
135002,12:00,20:00,,,,,,1,
135002,11:30,20:00,,,,,,,1
135001,7:00,23:30,1,1,1,1,1,,
135001,7:00,23:30,,,,,,1,
135001,7:00,23:30,,,,,,,1
135000,7:30,18:00,1,1,1,1,1,,
135000,7:30,18:00,,,,,,1,
135000,7:30,18:00,,,,,,,1
134999,11:00,21:00,1,1,1,1,1,,
134999,11:00,21:00,,,,,,1,
134999,11:00,21:00,,,,,,,1
134998,12:00,18:00,1,1,1,1,1,,
134998,12:00,18:00,,,,,,1,
134998,12:00,18:00,,,,,,,1
134997,11:00,21:30,1,1,1,1,1,,
134997,11:00,21:30,,,,,,1,
134997,11:00,21:30,,,,,,,1
134996,7:00,23:00,1,1,1,1,1,,
134996,7:00,23:00,,,,,,1,
134996,7:00,23:00,,,,,,,1
134995,8:00,18:00,1,1,1,1,1,,
134995,9:00,15:00,,,,,,1,
134995,0:00,0:00,,,,,,,1
134994,7:00,23:00,1,1,1,1,1,,
134994,7:00,23:00,,,,,,1,
134994,7:00,23:00,,,,,,,1
134993,13:00,23:00,1,1,1,1,1,,
134993,12:00,23:30,,,,,,1,
134993,12:00,22:00,,,,,,,1
134992,8:00,21:30,1,1,1,1,1,,
134992,8:00,21:30,,,,,,1,
134992,0:00,0:00,,,,,,,1
134991,7:30,23:30,1,1,1,1,1,,
134991,7:30,23:30,,,,,,1,
134991,8:00,18:00,,,,,,,1
134990,12:00,23:30,1,1,1,1,1,,
134990,12:00,23:30,,,,,,1,
134990,14:00,23:30,,,,,,,1
134989,13:30,22:00,1,1,1,1,1,,
134989,13:30,23:30,,,,,,1,
134989,13:30,20:00,,,,,,,1
134988,0:00,23:30,1,1,1,1,1,,
134988,0:00,23:30,,,,,,1,
134988,0:00,23:30,,,,,,,1
134987,13:00,23:00,1,1,1,1,1,,
134987,12:00,23:30,,,,,,1,
134987,12:00,22:00,,,,,,,1
134986,0:00,23:30,1,1,1,1,1,,
134986,0:00,23:30,,,,,,1,
134986,0:00,23:30,,,,,,,1
134985,9:30,23:30,1,1,1,1,1,,
134985,9:30,23:30,,,,,,1,
134985,9:30,23:30,,,,,,,1
134984,14:00,23:30,1,1,1,1,1,,
134984,14:00,23:30,,,,,,1,
134984,14:00,21:00,,,,,,,1
134983,13:00,23:30,1,1,1,1,1,,
134983,13:00,23:30,,,,,,1,
134983,13:00,19:00,,,,,,,1
134982,14:00,23:30,1,1,1,1,1,,
134982,14:00,23:30,,,,,,1,
134982,14:00,23:30,,,,,,,1
134981,11:00,20:00,1,1,1,1,1,,
134981,11:00,20:00,,,,,,1,
134981,11:00,20:00,,,,,,,1
134980,11:00,18:00,1,1,1,1,1,,
134980,11:00,18:00,,,,,,1,
134980,11:00,18:00,,,,,,,1
134979,11:00,20:00,1,1,1,1,1,,
134979,11:00,20:00,,,,,,1,
134979,11:00,20:00,,,,,,,1
134978,14:00,22:00,1,1,1,1,1,,
134978,14:00,22:00,,,,,,1,
134978,14:00,18:00,,,,,,,1
134977,13:00,22:00,1,1,1,1,1,,
134977,13:00,22:00,,,,,,1,
134977,13:00,22:00,,,,,,,1
134975,8:00,23:30,1,1,1,1,1,,
134975,8:00,23:30,,,,,,1,
134975,8:00,20:00,,,,,,,1
134974,13:00,22:00,1,1,1,1,1,,
134974,13:00,22:00,,,,,,1,
134974,13:00,22:00,,,,,,,1
134973,8:00,21:00,1,1,1,1,1,,
134973,8:00,21:00,,,,,,1,
134973,9:00,17:00,,,,,,,1
134972,7:00,23:00,1,1,1,1,1,,
134972,7:00,23:00,,,,,,1,
134972,7:00,23:00,,,,,,,1
134971,14:00,23:00,1,1,1,1,1,,
134971,14:00,23:00,,,,,,1,
134971,14:00,23:00,,,,,,,1
134970,8:00,23:00,1,1,1,1,1,,
134970,8:00,23:00,,,,,,1,
134970,8:00,23:00,,,,,,,1
133049,9:00,16:00,1,1,1,1,1,,
133049,10:00,15:00,,,,,,1,
133049,10:00,16:00,,,,,,,1
133048,9:00,17:00,1,1,1,1,1,,
133048,9:00,17:00,,,,,,1,
133048,10:00,3:30,,,,,,,1
133047,6:00,23:30,1,1,1,1,1,,
133047,2:00,23:30,,,,,,1,
133047,4:00,23:30,,,,,,,1
133043,7:00,22:00,1,1,1,1,1,,
133043,7:00,22:00,,,,,,1,
133043,7:00,22:00,,,,,,,1
133042,0:00,23:30,1,1,1,1,1,,
133042,0:00,23:30,,,,,,1,
133042,0:00,23:30,,,,,,,1
133041,0:00,23:30,1,1,1,1,1,,
133041,0:00,23:30,,,,,,1,
133041,0:00,23:30,,,,,,,1
133040,0:00,23:30,1,1,1,1,1,,
133040,0:00,23:30,,,,,,1,
133040,0:00,23:30,,,,,,,1
133039,11:00,23:30,1,1,1,1,1,,
133039,11:00,23:30,,,,,,1,
133039,11:00,23:30,,,,,,,1
133038,10:00,23:30,1,1,1,1,1,,
133038,10:30,23:30,,,,,,1,
133038,10:30,23:30,,,,,,,1
133037,0:00,23:30,1,1,1,1,1,,
133037,0:00,23:30,,,,,,1,
133037,0:00,23:30,,,,,,,1
133036,10:30,23:30,1,1,1,1,1,,
133036,10:30,23:30,,,,,,1,
133036,10:30,23:30,,,,,,,1
133035,12:00,17:00,1,1,1,1,1,,
133035,12:00,17:00,,,,,,1,
133035,12:00,19:00,,,,,,,1
133034,0:00,23:30,1,1,1,1,1,,
133034,0:00,23:30,,,,,,1,
133034,0:00,23:30,,,,,,,1
133033,11:00,23:30,1,1,1,1,1,,
133033,11:00,23:30,,,,,,1,
133033,11:00,23:30,,,,,,,1
133032,0:00,23:30,1,1,1,1,1,,
133032,0:00,23:30,,,,,,1,
133032,0:00,23:30,,,,,,,1
133031,0:00,23:30,1,1,1,1,1,,
133031,0:00,23:30,,,,,,1,
133031,0:00,23:30,,,,,,,1
133030,9:00,22:00,1,1,1,1,1,,
133030,9:00,23:30,,,,,,1,
133030,9:00,20:00,,,,,,,1
133029,13:00,23:30,1,1,1,1,1,,
133029,13:00,23:30,,,,,,1,
133029,15:00,23:30,,,,,,,1
133028,0:00,23:30,1,1,1,1,1,,
133028,0:00,23:30,,,,,,1,
133028,0:00,23:30,,,,,,,1
133027,10:00,21:30,1,1,1,1,1,,
133027,10:00,23:00,,,,,,1,
133027,10:00,23:00,,,,,,,1
133026,14:30,20:00,1,1,1,1,1,,
133026,14:00,20:30,,,,,,1,
133026,14:00,20:30,,,,,,,1
133025,0:00,23:30,1,1,1,1,1,,
133025,0:00,23:30,,,,,,1,
133025,0:00,23:30,,,,,,,1
133024,0:00,23:30,1,1,1,1,1,,
133024,0:00,23:30,,,,,,1,
133024,0:00,23:30,,,,,,,1
133023,0:00,23:30,1,1,1,1,1,,
133023,0:00,23:30,,,,,,1,
133023,0:00,23:30,,,,,,,1
133022,0:00,23:30,1,1,1,1,1,,
133022,0:00,23:30,,,,,,1,
133022,0:00,23:30,,,,,,,1
133021,0:00,23:30,1,1,1,1,1,,
133021,0:00,23:30,,,,,,1,
133021,0:00,23:30,,,,,,,1
133020,18:30,23:30,1,1,1,1,1,,
133020,17:00,23:30,,,,,,1,
133020,17:00,23:30,,,,,,,1
133019,0:00,23:30,1,1,1,1,1,,
133019,0:00,23:30,,,,,,1,
133019,0:00,23:30,,,,,,,1
133018,0:00,23:30,1,1,1,1,1,,
133018,0:00,23:30,,,,,,1,
133018,0:00,23:30,,,,,,,1
133017,0:00,23:30,1,1,1,1,1,,
133017,0:00,23:30,,,,,,1,
133017,0:00,23:30,,,,,,,1
133016,0:00,23:30,1,1,1,1,1,,
133016,0:00,23:30,,,,,,1,
133016,0:00,23:30,,,,,,,1
133015,0:00,23:30,1,1,1,1,1,,
133015,0:00,23:30,,,,,,1,
133015,0:00,23:30,,,,,,,1
133014,0:00,23:30,1,1,1,1,1,,
133014,0:00,23:30,,,,,,1,
133014,0:00,23:30,,,,,,,1
133013,0:00,23:30,1,1,1,1,1,,
133013,0:00,23:30,,,,,,1,
133013,0:00,23:30,,,,,,,1
133012,0:00,23:30,1,1,1,1,1,,
133012,0:00,23:30,,,,,,1,
133012,0:00,23:30,,,,,,,1
133011,0:00,23:30,1,1,1,1,1,,
133011,0:00,23:30,,,,,,1,
133011,0:00,23:30,,,,,,,1
133010,0:00,23:30,1,1,1,1,1,,
133010,0:00,23:30,,,,,,1,
133010,0:00,23:30,,,,,,,1
133009,10:00,18:00,1,1,1,1,1,,
133009,10:00,20:30,,,,,,1,
133009,10:00,15:30,,,,,,,1
133008,14:00,23:30,1,1,1,1,1,,
133008,15:00,23:30,,,,,,1,
133008,0:00,0:00,,,,,,,1
133007,11:00,19:30,1,1,1,1,1,,
133007,12:30,21:30,,,,,,1,
133007,13:30,20:30,,,,,,,1
133006,0:00,23:30,1,1,1,1,1,,
133006,0:00,23:30,,,,,,1,
133006,0:00,23:30,,,,,,,1
133005,0:00,23:30,1,1,1,1,1,,
133005,0:00,23:30,,,,,,1,
133005,0:00,23:30,,,,,,,1
133004,0:00,23:30,1,1,1,1,1,,
133004,0:00,23:30,,,,,,1,
133004,0:00,23:30,,,,,,,1
133003,0:00,23:30,1,1,1,1,1,,
133003,0:00,23:30,,,,,,1,
133003,0:00,23:30,,,,,,,1
133002,0:00,23:30,1,1,1,1,1,,
133002,0:00,23:30,,,,,,1,
133002,0:00,23:30,,,,,,,1
133001,0:00,23:30,1,1,1,1,1,,
133001,0:00,23:30,,,,,,1,
133001,0:00,23:30,,,,,,,1
133000,0:00,23:30,1,1,1,1,1,,
133000,0:00,23:30,,,,,,1,
133000,0:00,23:30,,,,,,,1
132999,0:00,23:30,1,1,1,1,1,,
132999,0:00,23:30,,,,,,1,
132999,0:00,23:30,,,,,,,1
132998,0:00,23:30,1,1,1,1,1,,
132998,0:00,23:30,,,,,,1,
132998,0:00,23:30,,,,,,,1
132997,0:00,23:30,1,1,1,1,1,,
132997,0:00,23:30,,,,,,1,
132997,0:00,23:30,,,,,,,1
132996,8:00,19:00,1,1,1,1,1,,
132996,8:00,19:00,,,,,,1,
132996,8:00,14:00,,,,,,,1
132995,21:00,23:30,1,1,1,1,1,,
132995,21:00,23:30,,,,,,,
132995,21:00,23:30,,,,,,,
132994,21:00,23:30,1,1,1,1,1,,
132994,21:00,23:30,,,,,,1,
132994,21:00,23:30,,,,,,,1
132993,18:00,23:30,1,1,1,1,1,,
132993,18:00,23:30,,,,,,1,
132993,18:00,23:30,,,,,,,1
132992,0:00,23:30,1,1,1,1,1,,
132992,0:00,23:30,,,,,,1,
132992,0:00,23:30,,,,,,,1
132986,0:00,0:00,1,1,1,1,1,,
132986,0:00,0:00,,,,,,1,
132986,8:00,11:00,,,,,,,1
132985,0:00,0:00,1,1,1,1,1,,
132985,0:00,0:00,,,,,,1,
132985,8:00,11:00,,,,,,,1
132984,21:00,1:00,1,1,1,1,1,,
132984,21:00,1:00,,,,,,1,
132984,21:00,0:00,,,,,,,1
132983,21:00,1:00,1,1,1,1,1,,
132983,21:00,1:00,,,,,,1,
132983,21:00,0:00,,,,,,,1
132982,21:00,1:00,1,1,1,1,1,,
132982,21:00,1:00,,,,,,1,
132982,21:00,0:00,,,,,,,1
132981,21:00,1:00,1,1,1,1,1,,
132981,21:00,1:00,,,,,,1,
132981,21:00,0:00,,,,,,,1
132980,0:00,0:00,1,1,1,1,1,,
132980,0:00,0:00,,,,,,1,
132980,8:00,11:00,,,,,,,1
132979,21:00,1:00,1,1,1,1,1,,
132979,21:00,1:00,,,,,,1,
132979,21:00,0:00,,,,,,,1
132978,21:00,1:00,1,1,1,1,1,,
132978,21:00,1:00,,,,,,1,
132978,21:00,0:00,,,,,,,1
132977,21:00,1:00,1,1,1,1,1,,
132977,21:00,1:00,,,,,,1,
132977,21:00,0:00,,,,,,,1
132976,21:00,1:00,1,1,1,1,1,,
132976,21:00,1:00,,,,,,1,
132976,21:00,0:00,,,,,,,1
132975,21:00,1:00,1,1,1,1,1,,
132975,21:00,1:00,,,,,,1,
132975,21:00,0:00,,,,,,,1
132974,21:00,1:00,1,1,1,1,1,,
132974,21:00,1:00,,,,,,1,
132974,21:00,0:00,,,,,,,1
132973,21:00,1:30,1,1,1,1,1,,
132973,20:00,1:00,,,,,,1,
132973,20:00,0:30,,,,,,,1
132972,19:00,1:00,1,1,1,1,1,,
132972,19:00,2:00,,,,,,1,
132972,19:00,2:00,,,,,,,1
132971,8:00,18:00,,,,,,1,
132971,8:00,19:00,1,1,1,1,1,,
132971,8:00,17:00,,,,,,,1
132970,20:00,1:00,1,1,1,1,1,,
132970,20:00,3:30,,,,,,1,
132970,20:00,2:00,,,,,,,1
132969,15:00,23:30,1,1,1,1,1,,
132969,15:00,23:30,,,,,,1,
132969,15:00,23:30,,,,,,,1
132968,15:00,23:30,1,1,1,1,1,,
132968,15:00,23:30,,,,,,1,
132968,15:00,23:30,,,,,,,1
132967,21:00,3:00,1,1,1,1,1,,
132967,21:00,3:00,,,,,,1,
132967,21:00,3:00,,,,,,,1
132966,15:00,3:00,1,1,1,1,1,,
132966,15:00,3:00,,,,,,1,
132966,17:00,3:00,,,,,,,1
132965,17:00,3:00,1,1,1,1,1,,
132965,17:00,3:00,,,,,,1,
132965,17:00,3:00,,,,,,,1
132964,12:00,23:30,1,1,1,1,1,,
132964,12:00,23:30,,,,,,1,
132964,12:00,23:30,,,,,,,1
132963,10:00,22:00,1,1,1,1,1,,
132963,10:00,22:00,,,,,,1,
132963,10:00,22:00,,,,,,,1
132962,8:00,18:00,1,1,1,1,1,,
132962,8:00,18:00,,,,,,1,
132962,8:00,18:00,,,,,,,1
132961,18:00,7:00,1,1,1,1,1,,
132961,18:00,7:00,,,,,,1,
132961,18:00,7:00,,,,,,,1
132960,8:00,19:00,1,1,1,1,1,,
132960,8:00,19:00,,,,,,1,
132960,8:00,19:00,,,,,,,1
132959,19:00,23:30,1,1,1,1,1,,
132959,19:00,23:30,,,,,,1,
132959,19:00,23:30,,,,,,,1
132958,10:00,23:30,1,1,1,1,1,,
132958,10:00,23:30,,,,,,1,
132958,10:00,23:30,,,,,,,1
132957,10:00,23:00,1,1,1,1,1,,
132957,10:00,23:00,,,,,,1,
132957,10:00,23:00,,,,,,,1
132956,12:00,23:30,1,1,1,1,1,,
132956,12:00,22:30,,,,,,1,
132956,12:00,21:00,,,,,,,1
132955,0:00,23:30,1,1,1,1,1,,
132955,0:00,23:30,,,,,,1,
132955,0:00,23:30,,,,,,,1
132954,8:00,22:30,1,1,1,1,1,,
132954,8:00,15:30,,,,,,1,
132954,8:00,13:00,,,,,,,1
132953,10:00,17:00,1,1,1,1,1,,
132953,10:00,17:30,,,,,,1,
132953,10:00,17:30,,,,,,,1
132951,0:00,23:30,1,1,1,1,1,,
132951,0:00,23:30,,,,,,1,
132951,0:00,23:30,,,,,,,1
132950,0:00,23:30,1,1,1,1,1,,
132950,0:00,23:30,,,,,,1,
132950,0:00,23:30,,,,,,,1
132948,8:00,12:00,1,1,1,1,1,,
132948,8:00,12:00,,,,,,1,
132948,8:00,12:00,,,,,,,1
132947,12:00,20:00,1,1,1,1,1,,
132947,12:00,20:00,,,,,,1,
132947,12:00,20:00,,,,,,,1
132946,0:00,23:30,1,1,1,1,1,,
132946,0:00,23:30,,,,,,1,
132946,0:00,23:30,,,,,,,1
132945,9:00,17:00,1,1,1,1,1,,
132945,9:00,18:00,,,,,,1,
132945,9:00,17:00,,,,,,,1
132944,12:00,19:00,1,1,1,1,1,,
132944,12:00,19:00,,,,,,1,
132944,12:00,19:00,,,,,,,1
132943,0:00,23:30,1,1,1,1,1,,
132943,0:00,23:30,,,,,,1,
132943,0:00,23:30,,,,,,,1
132942,12:00,19:00,1,1,1,1,1,,
132942,12:00,19:00,,,,,,1,
132942,12:00,18:00,,,,,,,1
132941,15:00,21:00,1,1,1,1,1,,
132941,15:00,21:00,,,,,,1,
132941,15:00,21:00,,,,,,,1
132940,21:00,1:00,1,1,1,1,1,,
132940,21:00,1:30,,,,,,1,
132940,21:00,0:00,,,,,,,1
132939,10:00,14:30,1,1,1,1,1,,
132939,10:00,14:30,,,,,,1,
132939,0:00,23:30,,,,,,,1
132938,0:00,0:00,1,1,1,1,1,,
132938,11:00,16:00,,,,,,1,
132938,11:00,16:00,,,,,,,1
132937,21:00,2:00,1,1,1,1,1,,
132937,21:00,2:00,,,,,,1,
132937,16:00,23:30,,,,,,,1
132936,9:30,16:00,1,1,1,1,1,,
132936,9:30,16:00,,,,,,1,
132936,0:00,23:30,,,,,,,1
132935,0:00,0:00,1,1,1,1,1,,
132935,12:00,17:00,,,,,,1,
132935,12:00,17:00,,,,,,,1
132934,9:00,18:00,1,1,1,1,1,,
132934,9:00,18:00,,,,,,1,
132934,9:00,18:00,,,,,,,1
132933,19:00,2:00,1,1,1,1,1,,
132933,19:00,4:00,,,,,,1,
132933,19:00,2:00,,,,,,,1
132932,11:00,23:30,1,1,1,1,1,,
132932,10:00,23:30,,,,,,1,
132932,10:30,20:00,,,,,,,1
132931,8:00,22:00,1,1,1,1,1,,
132931,8:00,22:00,,,,,,1,
132931,8:00,22:00,,,,,,,1
132930,10:00,14:30,1,1,1,1,1,,
132930,10:00,14:30,,,,,,1,
132930,0:00,0:00,,,,,,,1
132929,8:00,14:00,1,1,1,1,1,,
132929,8:00,14:00,,,,,,1,
132929,8:00,14:00,,,,,,,1
132928,6:30,17:00,1,1,1,1,1,,
132928,0:00,0:00,,,,,,1,
132928,0:00,0:00,,,,,,,1
132927,13:30,23:30,1,1,1,1,1,,
132927,13:00,23:30,,,,,,1,
132927,13:00,23:30,,,,,,,1
132926,7:00,20:00,1,1,1,1,1,,
132926,7:00,20:00,,,,,,1,
132926,7:00,20:00,,,,,,,1
132925,9:00,21:00,1,1,1,1,1,,
132925,9:00,21:00,,,,,,1,
132925,9:00,21:00,,,,,,,1
132924,10:30,21:00,1,1,1,1,1,,
132924,10:30,21:00,,,,,,1,
132924,10:30,21:00,,,,,,,1
132923,4:30,23:30,1,1,1,1,1,,
132923,4:30,23:30,,,,,,1,
132923,4:30,23:30,,,,,,,1
132922,19:00,23:00,1,1,1,1,1,,
132922,19:00,23:00,,,,,,1,
132922,19:00,23:00,,,,,,,1
132921,1:00,20:30,1,1,1,1,1,,
132921,1:00,23:30,,,,,,1,
132921,1:00,23:30,,,,,,,1
132920,13:00,23:30,1,1,1,1,1,,
132920,13:00,23:30,,,,,,1,
132920,2:00,23:30,,,,,,,1
132919,9:00,13:00,1,1,1,1,1,,
132919,9:00,13:00,,,,,,1,
132919,9:00,12:00,,,,,,,1
132918,9:00,18:00,1,1,1,1,1,,
132918,9:00,18:00,,,,,,1,
132918,9:00,17:00,,,,,,,1
132917,9:00,21:00,1,1,1,1,1,,
132917,9:00,21:00,,,,,,1,
132917,9:00,18:00,,,,,,,1
132916,18:00,22:30,1,1,1,1,1,,
132916,18:00,23:30,,,,,,1,
132916,16:00,23:30,,,,,,,1
132915,7:00,14:00,1,1,1,1,1,,
132915,7:00,14:30,,,,,,1,
132915,7:00,14:00,,,,,,,1
132914,18:30,23:00,1,1,1,1,1,,
132914,18:00,23:30,,,,,,1,
132914,18:00,23:30,,,,,,,1
132913,13:00,23:30,1,1,1,1,1,,
132913,13:00,23:30,,,,,,1,
132913,13:00,23:30,,,,,,,1
132912,7:30,14:30,1,1,1,1,1,,
132912,7:30,14:30,,,,,,1,
132912,7:30,14:30,,,,,,,1
132911,11:00,15:30,1,1,1,1,1,,
132911,11:00,15:30,,,,,,1,
132911,0:00,23:30,,,,,,,1
132910,8:00,17:00,1,1,1,1,1,,
132910,8:00,17:00,,,,,,1,
132910,8:00,17:00,,,,,,,1
132909,0:00,23:30,1,1,1,1,1,,
132909,0:00,23:30,,,,,,1,
132909,0:00,23:30,,,,,,,1
132908,0:00,23:30,1,1,1,1,1,,
132908,0:00,23:30,,,,,,1,
132908,0:00,23:30,,,,,,,1
132907,0:00,23:30,1,1,1,1,1,,
132907,0:00,23:30,,,,,,1,
132907,0:00,23:30,,,,,,,1
132906,0:00,23:30,1,1,1,1,1,,
132906,0:00,23:30,,,,,,1,
132906,0:00,23:30,,,,,,,1
132905,0:00,23:30,1,1,1,1,1,,
132905,0:00,23:30,,,,,,1,
132905,0:00,23:30,,,,,,,1
132904,0:00,23:30,1,1,1,1,1,,
132904,0:00,23:30,,,,,,1,
132904,0:00,23:30,,,,,,,1
132903,14:00,18:30,1,1,1,1,1,,
132903,14:00,18:30,,,,,,1,
132903,14:00,18:30,,,,,,,1
132902,19:30,2:00,1,1,1,1,1,,
132902,19:30,2:00,,,,,,1,
132902,7:30,2:00,,,,,,,1
132901,19:30,23:30,1,1,1,1,1,,
132901,18:00,23:30,,,,,,1,
132901,18:30,23:30,,,,,,,1
132900,13:00,22:00,1,1,1,1,1,,
132900,13:00,22:00,,,,,,1,
132900,14:00,22:00,,,,,,,1
132899,7:00,23:30,1,1,1,1,1,,
132899,7:00,23:30,,,,,,1,
132899,7:00,23:30,,,,,,,1
132898,0:00,23:30,1,1,1,1,1,,
132898,0:00,23:30,,,,,,1,
132898,0:00,23:30,,,,,,,1
132897,10:00,17:00,1,1,1,1,1,,
132897,10:00,17:00,,,,,,1,
132897,0:00,23:30,,,,,,,1
132896,6:30,23:30,1,1,1,1,1,,
132896,6:30,23:30,,,,,,1,
132896,6:30,23:30,,,,,,,1
132895,7:30,23:30,1,1,1,1,1,,
132895,7:30,23:30,,,,,,1,
132895,7:30,23:30,,,,,,,1
132894,9:00,20:00,1,1,1,1,1,,
132894,9:00,21:00,,,,,,1,
132894,11:00,23:30,,,,,,,1
132893,7:00,13:00,1,1,1,1,1,,
132893,10:00,21:00,,,,,,1,
132893,0:00,23:30,,,,,,,1
132892,8:00,20:30,1,1,1,1,1,,
132892,10:00,20:00,,,,,,1,
132892,0:00,23:30,,,,,,,1
132891,9:00,23:30,1,1,1,1,1,,
132891,7:00,18:30,,,,,,1,
132891,10:00,19:00,,,,,,,1
132890,9:00,20:00,1,1,1,1,1,,
132890,9:00,20:00,,,,,,1,
132890,0:00,23:30,,,,,,,1
132889,10:00,19:00,1,1,1,1,1,,
132889,12:00,23:30,,,,,,1,
132889,0:00,23:30,,,,,,,1
132888,8:00,19:00,1,1,1,1,1,,
132888,9:00,19:00,,,,,,1,
132888,0:00,0:00,,,,,,,1
132887,9:00,23:30,,,,,,1,
132887,8:30,23:00,1,1,1,1,1,,
132887,10:00,23:30,,,,,,,1
132886,8:00,23:30,1,1,1,1,1,,
132886,8:30,23:30,,,,,,1,
132886,8:30,23:30,,,,,,,1
132885,8:00,23:30,1,1,1,1,1,,
132885,8:00,23:30,,,,,,1,
132885,8:00,23:30,,,,,,,1
132884,0:00,23:30,1,1,1,1,1,,
132884,0:00,23:30,,,,,,1,
132884,0:00,23:30,,,,,,,1
132883,0:00,23:30,1,1,1,1,1,,
132883,0:00,23:30,,,,,,1,
132883,0:00,23:30,,,,,,,1
132882,0:00,23:30,1,1,1,1,1,,
132882,0:00,23:30,,,,,,1,
132882,0:00,23:30,,,,,,,1
132881,0:00,23:30,1,1,1,1,1,,
132881,0:00,23:30,,,,,,1,
132881,0:00,23:30,,,,,,,1
132880,11:00,18:30,1,1,1,1,1,,
132880,10:30,19:00,,,,,,1,
132880,10:30,19:00,,,,,,,1
132879,0:00,23:30,1,1,1,1,1,,
132879,0:00,23:30,,,,,,1,
132879,0:00,23:30,,,,,,,1
132878,0:00,23:30,1,1,1,1,1,,
132878,0:00,23:30,,,,,,1,
132878,0:00,23:30,,,,,,,1
132877,0:00,23:30,1,1,1,1,1,,
132877,0:00,23:30,,,,,,1,
132877,0:00,23:30,,,,,,,1
132876,0:00,23:30,1,1,1,1,1,,
132876,0:00,23:30,,,,,,1,
132876,0:00,23:30,,,,,,,1
132875,0:00,23:30,1,1,1,1,1,,
132875,0:00,23:30,,,,,,1,
132875,0:00,23:30,,,,,,,1
132874,0:00,23:30,1,1,1,1,1,,
132874,0:00,23:30,,,,,,1,
132874,0:00,23:30,,,,,,,1
132873,11:00,22:00,1,1,1,1,1,,
132873,11:00,22:00,,,,,,1,
132873,11:00,22:00,,,,,,,1
132872,9:00,21:00,1,1,1,1,1,,
132872,9:30,21:00,,,,,,1,
132872,0:00,0:00,,,,,,,1
132871,15:00,23:30,1,1,1,1,1,,
132871,15:00,23:30,,,,,,1,
132871,15:00,23:30,,,,,,,1
132870,10:30,23:00,1,1,1,1,1,,
132870,10:30,23:00,,,,,,1,
132870,10:30,23:00,,,,,,,1
132869,10:00,23:00,1,1,1,1,1,,
132869,10:00,23:00,,,,,,1,
132869,10:00,23:00,,,,,,,1
132868,14:00,2:00,1,1,1,1,1,,
132868,14:00,2:00,,,,,,1,
132868,14:00,2:00,,,,,,,1
132867,8:00,22:30,1,1,1,1,1,,
132867,8:00,23:30,,,,,,1,
132867,8:00,23:30,,,,,,,1
132866,9:00,22:00,1,1,1,1,1,,
132866,9:00,22:00,,,,,,1,
132866,9:00,22:00,,,,,,,1
132865,8:00,23:00,1,1,1,1,1,,
132865,8:00,23:00,,,,,,1,
132865,8:00,23:00,,,,,,,1
132864,20:00,1:00,1,1,1,1,1,,
132864,20:00,5:00,,,,,,1,
132864,20:00,3:00,,,,,,,1
132863,10:00,22:30,1,1,1,1,1,,
132863,10:00,22:30,,,,,,1,
132863,10:00,22:30,,,,,,,1
132862,9:30,23:30,1,1,1,1,1,,
132862,9:30,23:30,,,,,,1,
132862,9:30,23:30,,,,,,,1
132861,10:00,23:30,1,1,1,1,1,,
132861,10:00,23:30,,,,,,1,
132861,10:00,23:30,,,,,,,1
132860,10:00,23:00,1,1,1,1,1,,
132860,10:00,23:00,,,,,,1,
132860,10:00,23:00,,,,,,,1
132859,9:30,22:00,1,1,1,1,1,,
132859,9:30,22:00,,,,,,1,
132859,9:30,22:00,,,,,,,1
132858,18:30,23:30,1,1,1,1,1,,
132858,18:30,23:30,,,,,,1,
132858,18:30,23:30,,,,,,,1
132857,10:00,22:00,1,1,1,1,1,,
132857,10:00,22:00,,,,,,1,
132857,10:00,22:00,,,,,,,1
132856,10:30,22:30,1,1,1,1,1,,
132856,10:30,22:30,,,,,,1,
132856,10:30,22:30,,,,,,,1
132855,10:00,16:30,1,1,1,1,1,,
132855,10:00,16:30,,,,,,1,
132855,10:00,16:30,,,,,,,1
132854,10:30,22:00,1,1,1,1,1,,
132854,10:30,22:00,,,,,,1,
132854,10:30,22:00,,,,,,,1
132853,12:00,19:00,1,1,1,1,1,,
132853,12:00,19:00,,,,,,1,
132853,0:00,0:00,,,,,,,1
132852,18:00,5:30,1,1,1,1,1,,
132852,18:00,5:30,,,,,,1,
132852,18:00,4:30,,,,,,,1
132851,9:00,22:00,1,1,1,1,1,,
132851,9:00,22:00,,,,,,1,
132851,9:00,22:00,,,,,,,1
132850,8:00,22:00,1,1,1,1,1,,
132850,8:00,22:00,,,,,,1,
132850,18:00,22:00,,,,,,,1
132849,14:00,21:00,1,1,1,1,1,,
132849,14:00,21:00,,,,,,1,
132849,14:00,21:00,,,,,,,1
132848,17:30,1:30,1,1,1,1,1,,
132848,17:30,1:30,,,,,,1,
132848,17:30,1:30,,,,,,,1
132847,20:00,1:30,1,1,1,1,1,,
132847,20:00,1:30,,,,,,1,
132847,20:00,1:30,,,,,,,1
132846,8:00,23:30,1,1,1,1,1,,
132846,8:00,23:30,,,,,,1,
132846,8:00,23:30,,,,,,,1
132845,19:30,23:30,1,1,1,1,1,,
132845,19:30,23:30,,,,,,1,
132845,19:30,23:30,,,,,,,1
132844,0:00,23:30,1,1,1,1,1,,
132844,0:00,23:30,,,,,,1,
132844,0:00,23:30,,,,,,,1
132843,0:00,23:30,1,1,1,1,1,,
132843,0:00,23:30,,,,,,1,
132843,0:00,23:30,,,,,,,1
132842,19:00,4:00,1,1,1,1,1,,
132842,19:00,4:00,,,,,,1,
132842,19:00,12:00,,,,,,,1
132841,12:00,18:00,1,1,1,1,1,,
132841,12:00,18:00,,,,,,1,
132841,12:00,18:00,,,,,,,1
132840,7:00,11:00,1,1,1,1,1,,
132840,7:00,11:00,,,,,,1,
132840,0:00,0:00,,,,,,,1
132839,0:00,23:30,1,1,1,1,1,,
132839,0:00,23:30,,,,,,1,
132839,0:00,23:30,,,,,,,1
132838,0:00,23:30,1,1,1,1,1,,
132838,0:00,23:30,,,,,,1,
132838,0:00,23:30,,,,,,,1
132837,0:00,23:30,1,1,1,1,1,,
132837,0:00,23:30,,,,,,1,
132837,0:00,23:30,,,,,,,1
132836,0:00,23:30,1,1,1,1,1,,
132836,0:00,23:30,,,,,,1,
132836,0:00,23:30,,,,,,,1
132835,0:00,23:30,1,1,1,1,1,,
132835,0:00,23:30,,,,,,1,
132835,0:00,23:30,,,,,,,1
132834,8:30,15:00,1,1,1,1,1,,
132834,0:00,23:30,,,,,,1,
132834,0:00,23:30,,,,,,,1
132833,0:00,23:30,1,1,1,1,1,,
132833,0:00,23:30,,,,,,1,
132833,0:00,23:30,,,,,,,1
132832,0:00,23:30,1,1,1,1,1,,
132832,0:00,23:30,,,,,,1,
132832,0:00,23:30,,,,,,,1
132831,0:00,23:30,1,1,1,1,1,,
132831,0:00,23:30,,,,,,1,
132831,0:00,23:30,,,,,,,1
132830,0:00,23:30,1,1,1,1,1,,
132830,0:00,23:30,,,,,,1,
132830,0:00,23:30,,,,,,,1
132829,0:00,23:30,1,1,1,1,1,,
132829,0:00,23:30,,,,,,1,
132829,0:00,23:30,,,,,,,1
132828,0:00,23:30,1,1,1,1,1,,
132828,0:00,23:30,,,,,,1,
132828,0:00,23:30,,,,,,,1
132827,0:00,23:30,1,1,1,1,1,,
132827,0:00,23:30,,,,,,1,
132827,0:00,23:30,,,,,,,1
132826,0:00,23:30,1,1,1,1,1,,
132826,0:00,23:30,,,,,,1,
132826,0:00,23:30,,,,,,,1
132825,9:00,12:00,1,1,1,1,1,,
132825,9:00,12:00,,,,,,1,
132825,9:00,12:00,,,,,,,1
132824,0:00,23:30,1,1,1,1,1,,
132824,0:00,23:30,,,,,,1,
132824,0:00,23:30,,,,,,,1
132823,0:00,23:30,1,1,1,1,1,,
132823,0:00,23:30,,,,,,1,
132823,0:00,23:30,,,,,,,1
132822,0:00,23:30,1,1,1,1,1,,
132822,0:00,23:30,,,,,,1,
132822,0:00,23:30,,,,,,,1
132821,0:00,23:30,1,1,1,1,1,,
132821,0:00,23:30,,,,,,1,
132821,0:00,23:30,,,,,,,1
132820,0:00,23:30,1,1,1,1,1,,
132820,0:00,23:30,,,,,,1,
132820,0:00,23:30,,,,,,,1
132819,0:00,23:30,1,1,1,1,1,,
132819,0:00,23:30,,,,,,1,
132819,0:00,23:30,,,,,,,1
132818,0:00,23:30,1,1,1,1,1,,
132818,0:00,23:30,,,,,,1,
132818,0:00,23:30,,,,,,,1
132817,0:00,23:30,1,1,1,1,1,,
132817,0:00,23:30,,,,,,1,
132817,0:00,23:30,,,,,,,1
132816,0:00,23:30,1,1,1,1,1,,
132816,0:00,23:30,,,,,,1,
132816,0:00,23:30,,,,,,,1
132815,0:00,23:30,1,1,1,1,1,,
132815,0:00,23:30,,,,,,1,
132815,0:00,23:30,,,,,,,1
132813,0:00,23:30,1,1,1,1,1,,
132813,0:00,23:30,,,,,,1,
132813,0:00,23:30,,,,,,,1
132812,0:00,23:30,1,1,1,1,1,,
132812,0:00,23:30,,,,,,1,
132812,0:00,23:30,,,,,,,1
132811,0:00,23:30,1,1,1,1,1,,
132811,0:00,23:30,,,,,,1,
132811,0:00,23:30,,,,,,,1
132810,0:00,23:30,1,1,1,1,1,,
132810,0:00,23:30,,,,,,1,
132810,0:00,23:30,,,,,,,1
132809,0:00,23:30,1,1,1,1,1,,
132809,0:00,23:30,,,,,,1,
132809,0:00,23:30,,,,,,,1
132808,0:00,23:30,1,1,1,1,1,,
132808,0:00,23:30,,,,,,1,
132808,0:00,23:30,,,,,,,1
132807,0:00,23:30,1,1,1,1,1,,
132807,0:00,23:30,,,,,,1,
132807,0:00,23:30,,,,,,,1
132806,0:00,23:30,1,1,1,1,1,,
132806,0:00,23:30,,,,,,1,
132806,0:00,23:30,,,,,,,1
132805,9:00,19:00,,,,,,1,
132805,9:00,19:00,1,1,1,1,1,,
132805,9:00,19:00,,,,,,,1
132804,0:00,23:30,1,1,1,1,1,,
132804,0:00,23:30,,,,,,1,
132804,0:00,23:30,,,,,,,1
132803,11:00,23:30,1,1,1,1,1,,
132803,11:30,23:30,,,,,,1,
132803,11:30,23:30,,,,,,,1
132802,9:00,23:30,1,1,1,1,1,,
132802,9:30,23:30,,,,,,1,
132802,9:30,23:30,,,,,,,1
132801,12:00,23:30,1,1,1,1,1,,
132801,13:30,23:30,,,,,,1,
132801,13:00,23:30,,,,,,,1
132799,9:00,23:30,1,1,1,1,1,,
132799,10:30,23:30,,,,,,1,
132799,11:30,23:30,,,,,,,1
132798,0:00,23:30,1,1,1,1,1,,
132798,0:00,23:30,,,,,,1,
132798,0:00,23:30,,,,,,,1
132797,10:00,23:30,1,1,1,1,1,,
132797,10:00,23:30,,,,,,1,
132797,10:00,23:30,,,,,,,1
132796,0:00,23:30,1,1,1,1,1,,
132796,0:00,23:30,,,,,,1,
132796,0:00,23:30,,,,,,,1
132795,10:00,23:00,1,1,1,1,1,,
132795,9:00,23:30,,,,,,1,
132795,9:00,23:30,,,,,,,1
132794,0:00,23:30,1,1,1,1,1,,
132794,0:00,23:30,,,,,,1,
132794,0:00,23:30,,,,,,,1
132793,10:30,22:30,1,1,1,1,1,,
132793,10:00,23:00,,,,,,1,
132793,10:00,23:00,,,,,,,1
132792,9:00,23:00,1,1,1,1,1,,
132792,9:00,23:00,,,,,,1,
132792,9:00,23:00,,,,,,,1
132791,9:00,23:30,1,1,1,1,1,,
132791,9:00,23:30,,,,,,1,
132791,9:00,23:30,,,,,,,1
132790,14:00,23:30,1,1,1,1,1,,
132790,14:00,23:30,,,,,,1,
132790,14:00,23:30,,,,,,,1
132789,11:00,19:00,1,1,1,1,1,,
132789,11:00,19:00,,,,,,1,
132789,11:00,19:00,,,,,,,1
132788,14:00,23:00,1,1,1,1,1,,
132788,14:00,23:00,,,,,,1,
132788,14:00,23:00,,,,,,,1
132787,14:00,23:30,1,1,1,1,1,,
132787,14:00,23:30,,,,,,1,
132787,14:00,23:30,,,,,,,1
132786,9:00,23:30,1,1,1,1,1,,
132786,9:00,23:30,,,,,,1,
132786,9:00,23:30,,,,,,,1
132785,14:00,23:30,1,1,1,1,1,,
132785,14:00,23:30,,,,,,1,
132785,14:00,23:30,,,,,,,1
132784,14:00,23:30,1,1,1,1,1,,
132784,14:00,23:30,,,,,,1,
132784,14:00,23:30,,,,,,,1
132783,11:00,23:00,1,1,1,1,1,,
132783,11:00,23:30,,,,,,1,
132783,11:00,23:30,,,,,,,1
132782,9:00,18:00,1,1,1,1,1,,
132782,10:00,18:00,,,,,,1,
132782,10:00,18:00,,,,,,,1
132781,0:00,23:30,1,1,1,1,1,,
132781,0:00,23:30,,,,,,1,
132781,0:00,23:30,,,,,,,1
132780,0:00,23:30,1,1,1,1,1,,
132780,0:00,23:30,,,,,,1,
132780,0:00,23:30,,,,,,,1
132779,7:00,20:00,1,1,1,1,1,,
132779,7:00,20:00,,,,,,1,
132779,0:00,23:30,,,,,,,1
132778,0:00,23:30,1,1,1,1,1,,
132778,0:00,23:30,,,,,,1,
132778,0:00,23:30,,,,,,,1
132777,0:00,23:30,1,1,1,1,1,,
132777,0:00,23:30,,,,,,1,
132777,0:00,23:30,,,,,,,1
132776,13:00,17:00,1,1,1,1,1,,
132776,13:00,17:00,,,,,,1,
132776,0:00,23:30,,,,,,,1
132775,20:00,23:30,1,1,1,1,1,,
132775,20:00,23:30,,,,,,1,
132775,20:00,23:30,,,,,,,1
132774,7:00,22:00,1,1,1,1,1,,
132774,7:00,22:00,,,,,,1,
132774,7:00,22:00,,,,,,,1
132773,10:00,18:00,1,1,1,1,1,,
132773,10:00,13:00,,,,,,1,
132773,10:00,13:00,,,,,,,1
132772,17:00,23:30,1,1,1,1,1,,
132772,12:00,23:00,,,,,,1,
132772,0:00,23:30,,,,,,,1
132771,10:30,19:30,1,1,1,1,1,,
132771,10:00,19:00,,,,,,1,
132771,9:00,20:00,,,,,,,1
132770,12:00,18:30,1,1,1,1,1,,
132770,0:00,23:30,,,,,,1,
132770,0:00,23:30,,,,,,,1
132769,0:00,23:30,1,1,1,1,1,,
132769,16:30,22:30,,,,,,1,
132769,7:00,13:30,,,,,,,1
132768,9:00,19:00,1,1,1,1,1,,
132768,10:00,18:00,,,,,,1,
132768,10:00,19:00,,,,,,,1
132767,14:00,20:00,1,1,1,1,1,,
132767,14:00,23:30,,,,,,1,
132767,12:30,23:30,,,,,,,1
132766,0:00,23:30,1,1,1,1,1,,
132766,0:00,23:30,,,,,,1,
132766,0:00,23:30,,,,,,,1
132762,0:00,0:00,1,1,1,1,1,,
132762,19:00,23:30,,,,,,1,
132762,19:00,23:30,,,,,,,1
132761,11:00,19:00,1,1,1,1,1,,
132761,10:00,21:00,,,,,,1,
132761,11:00,21:00,,,,,,,1
132760,6:00,3:00,1,1,1,1,1,,
132760,0:00,23:30,,,,,,1,
132760,0:00,23:30,,,,,,,1
132759,12:00,22:00,1,1,1,1,1,,
132759,12:00,22:00,,,,,,1,
132759,12:00,22:00,,,,,,,1
132758,9:00,22:00,1,1,1,1,1,,
132758,9:00,22:00,,,,,,1,
132758,9:00,22:00,,,,,,,1
132757,17:00,23:30,1,1,1,1,1,,
132757,17:00,23:30,,,,,,1,
132757,17:00,23:30,,,,,,,1
132756,8:00,23:30,1,1,1,1,1,,
132756,8:00,23:30,,,,,,1,
132756,8:00,23:30,,,,,,,1
132755,0:00,23:30,1,1,1,1,1,,
132755,0:00,23:30,,,,,,1,
132755,0:00,23:30,,,,,,,1
132754,8:00,20:00,1,1,1,1,1,,
132754,8:00,20:00,,,,,,1,
132754,8:00,18:00,,,,,,,1
132753,7:30,23:30,1,1,1,1,1,,
132753,7:30,23:30,,,,,,1,
132753,7:30,23:30,,,,,,,1
132752,7:00,15:00,1,1,1,1,1,,
132752,7:00,15:00,,,,,,1,
132752,0:00,0:00,,,,,,,1
132751,11:00,23:00,1,1,1,1,1,,
132751,11:00,23:30,,,,,,1,
132751,11:00,23:30,,,,,,,1
132750,13:00,21:00,1,1,1,1,1,,
132750,13:00,21:00,,,,,,1,
132750,13:00,20:00,,,,,,,1
132749,12:00,22:00,1,1,1,1,1,,
132749,12:00,21:00,,,,,,1,
132749,12:00,20:00,,,,,,,1
132748,19:30,23:30,1,1,1,1,1,,
132748,19:30,23:30,,,,,,1,
132748,0:00,0:00,,,,,,,1
132747,0:00,23:30,1,1,1,1,1,,
132747,0:00,23:30,,,,,,1,
132747,0:00,23:30,,,,,,,1
132746,11:30,22:30,1,1,1,1,1,,
132746,11:30,22:00,,,,,,1,
132746,11:30,21:00,,,,,,,1
132745,18:00,23:30,1,1,1,1,1,,
132745,18:00,23:30,,,,,,1,
132745,18:00,23:30,,,,,,,1
132744,19:00,23:30,1,1,1,1,1,,
132744,19:00,23:30,,,,,,1,
132744,19:00,23:30,,,,,,,1
132743,0:00,23:30,1,1,1,1,1,,
132743,0:00,23:30,,,,,,1,
132743,0:00,23:30,,,,,,,1
132742,8:00,15:00,1,1,1,1,1,,
132742,9:00,15:00,,,,,,1,
132742,9:00,15:00,,,,,,,1
132741,19:00,23:30,1,1,1,1,1,,
132741,19:00,23:30,,,,,,1,
132741,19:00,23:30,,,,,,,1
132740,8:30,12:00,1,1,1,1,1,,
132740,8:30,12:00,,,,,,1,
132740,8:30,12:00,,,,,,,1
132739,8:00,17:00,1,1,1,1,1,,
132739,8:00,17:00,,,,,,1,
132739,8:00,15:00,,,,,,,1
132738,18:00,23:30,1,1,1,1,1,,
132738,18:00,23:30,,,,,,1,
132738,18:00,23:30,,,,,,,1
132737,10:00,16:00,1,1,1,1,1,,
132737,10:00,16:00,,,,,,1,
132737,10:00,10:00,,,,,,,1
132736,10:00,21:00,1,1,1,1,1,,
132736,10:00,21:00,,,,,,1,
132736,10:00,21:00,,,,,,,1
132735,9:00,23:00,1,1,1,1,1,,
132735,9:00,22:30,,,,,,1,
132735,9:00,22:30,,,,,,,1
132734,9:00,22:00,1,1,1,1,1,,
132734,9:00,22:00,,,,,,1,
132734,10:00,22:00,,,,,,,1
132733,10:30,22:30,1,1,1,1,1,,
132733,10:30,22:30,,,,,,1,
132733,9:00,21:00,,,,,,,1
132732,19:00,1:00,1,1,1,1,1,,
132732,19:00,1:00,,,,,,1,
132732,19:00,1:00,,,,,,,1
132731,0:00,23:30,1,1,1,1,1,,
132731,0:00,23:30,,,,,,1,
132731,0:00,23:30,,,,,,,1
132730,0:00,23:30,1,1,1,1,1,,
132730,0:00,23:30,,,,,,1,
132730,0:00,23:30,,,,,,,1
132729,0:00,23:30,1,1,1,1,1,,
132729,0:00,23:30,,,,,,1,
132729,0:00,23:30,,,,,,,1
132728,0:00,23:30,1,1,1,1,1,,
132728,0:00,23:30,,,,,,1,
132728,0:00,23:30,,,,,,,1
132727,0:00,23:30,1,1,1,1,1,,
132727,0:00,23:30,,,,,,1,
132727,0:00,23:30,,,,,,,1
132726,0:00,23:30,1,1,1,1,1,,
132726,0:00,23:30,,,,,,1,
132726,0:00,23:30,,,,,,,1
132725,8:00,13:00,1,1,1,1,1,,
132725,9:00,13:00,,,,,,1,
132725,0:00,23:30,,,,,,,1
132724,0:00,23:30,1,1,1,1,1,,
132724,0:00,23:30,,,,,,1,
132724,0:00,23:30,,,,,,,1
132723,6:30,15:00,1,1,1,1,1,,
132723,0:00,23:30,,,,,,1,
132723,0:00,23:30,,,,,,,1
132722,18:00,23:30,1,1,1,1,1,,
132722,18:00,23:30,,,,,,1,
132722,18:00,23:30,,,,,,,1
132721,9:30,20:00,1,1,1,1,1,,
132721,9:30,21:00,,,,,,1,
132721,9:30,20:30,,,,,,,1
132720,9:30,23:30,1,1,1,1,1,,
132720,9:30,23:30,,,,,,1,
132720,9:30,23:30,,,,,,,1
132719,20:00,1:00,,,,,,1,
132719,20:00,1:00,1,1,1,1,1,,
132719,18:30,1:00,,,,,,,1
132718,19:00,23:30,1,1,1,1,1,,
132718,19:00,23:30,,,,,,1,
132718,19:00,23:30,,,,,,,1
132717,9:30,21:30,1,1,1,1,1,,
132717,9:30,21:30,,,,,,1,
132717,9:30,21:30,,,,,,,1
132716,9:00,20:00,1,1,1,1,1,,
132716,9:00,20:30,,,,,,1,
132716,9:00,22:00,,,,,,,1
132715,9:00,16:00,1,1,1,1,1,,
132715,9:00,16:00,,,,,,1,
132715,9:00,16:00,,,,,,,1
132714,19:00,23:30,1,1,1,1,1,,
132714,19:00,23:30,,,,,,1,
132714,19:00,23:30,,,,,,,1
132713,6:00,0:00,1,1,1,1,1,,
132713,6:00,23:30,,,,,,1,
132713,7:00,23:30,,,,,,,1
132712,9:00,21:00,1,1,1,1,1,,
132712,9:00,21:00,,,,,,1,
132712,0:00,0:00,,,,,,,1
132711,20:30,20:30,1,1,1,1,1,,
132711,1:00,1:00,,,,,,1,
132711,0:00,0:00,,,,,,,1
132710,20:00,3:00,1,1,1,1,1,,
132710,20:00,3:00,,,,,,1,
132710,0:00,0:00,,,,,,,1
132709,9:00,17:00,1,1,1,1,1,,
132709,9:00,17:00,,,,,,1,
132709,0:00,0:00,,,,,,,1
132708,9:00,17:00,1,1,1,1,1,,
132708,9:00,17:00,,,,,,1,
132708,0:00,0:00,,,,,,,1
132707,9:00,17:00,1,1,1,1,1,,
132707,9:00,17:00,,,,,,1,
132707,0:00,0:00,,,,,,,1
132706,9:00,20:00,1,1,1,1,1,,
132706,9:00,20:00,,,,,,1,
132706,9:00,20:00,,,,,,,1
132705,9:00,17:00,1,1,1,1,1,,
132705,9:00,17:00,,,,,,1,
132705,0:00,0:00,,,,,,,1
132704,9:00,18:00,1,1,1,1,1,,
132704,9:00,18:00,,,,,,1,
132704,9:00,18:00,,,,,,,1
132703,9:00,17:30,1,1,1,1,1,,
132703,9:00,17:30,,,,,,1,
132703,0:00,0:00,,,,,,,1
132702,12:00,23:00,1,1,1,1,1,,
132702,12:00,23:00,,,,,,1,
132702,12:00,23:00,,,,,,,1
132701,9:00,23:00,1,1,1,1,1,,
132701,9:00,23:00,,,,,,1,
132701,0:00,0:00,,,,,,,1
132700,9:00,20:00,1,1,1,1,1,,
132700,9:00,20:00,,,,,,1,
132700,9:00,18:00,,,,,,,1
132699,9:00,20:00,1,1,1,1,1,,
132699,9:00,20:00,,,,,,1,
132699,9:00,18:00,,,,,,,1
132698,9:00,18:00,1,1,1,1,1,,
132698,9:00,18:00,,,,,,1,
132698,0:00,0:00,,,,,,,1
132697,9:00,21:00,1,1,1,1,1,,
132697,9:00,21:00,,,,,,1,
132697,10:00,20:00,,,,,,,1
132696,20:00,0:30,1,1,1,1,1,,
132696,19:00,1:00,,,,,,1,
132696,19:00,0:30,,,,,,,1
132695,19:00,2:00,1,1,1,1,1,,
132695,19:00,2:00,,,,,,1,
132695,19:00,2:00,,,,,,,1
132694,18:00,2:00,1,1,1,1,1,,
132694,18:00,2:00,,,,,,1,
132694,18:00,1:00,,,,,,,1
132693,0:00,23:30,1,1,1,1,1,,
132693,0:00,23:30,,,,,,1,
132693,0:00,23:30,,,,,,,1
132692,0:00,23:30,1,1,1,1,1,,
132692,0:00,23:30,,,,,,1,
132692,0:00,23:30,,,,,,,1
132691,0:00,23:30,1,1,1,1,1,,
132691,0:00,23:30,,,,,,1,
132691,0:00,23:30,,,,,,,1
132690,0:00,23:30,1,1,1,1,1,,
132690,0:00,23:30,,,,,,1,
132690,0:00,23:30,,,,,,,1
132689,0:00,23:30,1,1,1,1,1,,
132689,0:00,23:30,,,,,,1,
132689,0:00,23:30,,,,,,,1
132688,0:00,23:30,1,1,1,1,1,,
132688,0:00,23:30,,,,,,1,
132688,0:00,23:30,,,,,,,1
132687,0:00,23:30,1,1,1,1,1,,
132687,0:00,23:30,,,,,,1,
132687,0:00,23:30,,,,,,,1
132686,0:00,23:30,1,1,1,1,1,,
132686,0:00,23:30,,,,,,1,
132686,0:00,23:30,,,,,,,1
132685,0:00,23:30,1,1,1,1,1,,
132685,0:00,23:30,,,,,,1,
132685,0:00,23:30,,,,,,,1
132684,0:00,23:30,1,1,1,1,1,,
132684,0:00,23:30,,,,,,1,
132684,0:00,23:30,,,,,,,1
132683,11:00,22:00,1,1,1,1,1,,
132683,0:00,23:30,,,,,,1,
132683,0:00,23:30,,,,,,,1
132682,10:00,23:00,1,1,1,1,1,,
132682,0:00,23:30,,,,,,1,
132682,0:00,23:30,,,,,,,1
132681,9:30,17:00,1,1,1,1,1,,
132681,0:00,23:30,,,,,,1,
132681,0:00,23:30,,,,,,,1
132680,10:00,17:00,1,1,1,1,1,,
132680,0:00,23:30,,,,,,1,
132680,0:00,23:30,,,,,,,1
132679,0:00,23:30,1,1,1,1,1,,
132679,0:00,23:30,,,,,,1,
132679,0:00,23:30,,,,,,,1
132678,0:00,23:30,1,1,1,1,1,,
132678,0:00,23:30,,,,,,1,
132678,0:00,23:30,,,,,,,1
132677,0:00,23:30,1,1,1,1,1,,
132677,0:00,23:30,,,,,,1,
132677,0:00,23:30,,,,,,,1
132676,0:00,23:30,1,1,1,1,1,,
132676,0:00,23:30,,,,,,1,
132676,0:00,23:30,,,,,,,1
132675,0:00,23:30,1,1,1,1,1,,
132675,0:00,23:30,,,,,,1,
132675,0:00,23:30,,,,,,,1
132674,0:00,23:30,1,1,1,1,1,,
132674,0:00,23:30,,,,,,1,
132674,0:00,23:30,,,,,,,1
132673,0:00,23:30,1,1,1,1,1,,
132673,0:00,23:30,,,,,,1,
132673,0:00,23:30,,,,,,,1
132672,0:00,23:30,1,1,1,1,1,,
132672,0:00,23:30,,,,,,1,
132672,0:00,23:30,,,,,,,1
132671,0:00,23:30,1,1,1,1,1,,
132671,0:00,23:30,,,,,,1,
132671,0:00,23:30,,,,,,,1
132670,0:00,23:30,1,1,1,1,1,,
132670,0:00,23:30,,,,,,1,
132670,0:00,23:30,,,,,,,1
132669,0:00,23:30,1,1,1,1,1,,
132669,0:00,23:30,,,,,,1,
132669,0:00,23:30,,,,,,,1
132668,0:00,23:30,1,1,1,1,1,,
132668,0:00,23:30,,,,,,1,
132668,0:00,23:30,,,,,,,1
132667,0:00,23:30,1,1,1,1,1,,
132667,0:00,23:30,,,,,,1,
132667,0:00,23:30,,,,,,,1
132666,0:00,23:30,1,1,1,1,1,,
132666,0:00,23:30,,,,,,1,
132666,0:00,23:30,,,,,,,1
132665,0:00,23:30,1,1,1,1,1,,
132665,0:00,23:30,,,,,,1,
132665,0:00,23:30,,,,,,,1
132664,0:00,23:30,1,1,1,1,1,,
132664,0:00,23:30,,,,,,1,
132664,0:00,23:30,,,,,,,1
132663,0:00,23:30,1,1,1,1,1,,
132663,0:00,23:30,,,,,,1,
132663,0:00,23:30,,,,,,,1
132662,0:00,23:30,1,1,1,1,1,,
132662,0:00,23:30,,,,,,1,
132662,0:00,23:30,,,,,,,1
132661,0:00,23:30,1,1,1,1,1,,
132661,0:00,23:30,,,,,,1,
132661,0:00,23:30,,,,,,,1
132660,0:00,23:30,1,1,1,1,1,,
132660,0:00,23:30,,,,,,1,
132660,0:00,23:30,,,,,,,1
132659,0:00,23:30,1,1,1,1,1,,
132659,0:00,23:30,,,,,,1,
132659,0:00,23:30,,,,,,,1
132658,0:00,23:30,1,1,1,1,1,,
132658,0:00,23:30,,,,,,1,
132658,0:00,23:30,,,,,,,1
132657,0:00,23:30,1,1,1,1,1,,
132657,0:00,23:30,,,,,,1,
132657,0:00,23:30,,,,,,,1
132656,0:00,23:30,1,1,1,1,1,,
132656,0:00,23:30,,,,,,1,
132656,0:00,23:30,,,,,,,1
132655,0:00,23:30,1,1,1,1,1,,
132655,0:00,23:30,,,,,,1,
132655,0:00,23:30,,,,,,,1
132654,0:00,23:30,1,1,1,1,1,,
132654,0:00,23:30,,,,,,1,
132654,0:00,23:30,,,,,,,1
132653,0:00,23:30,1,1,1,1,1,,
132653,0:00,23:30,,,,,,1,
132653,0:00,23:30,,,,,,,1
132652,0:00,23:30,1,1,1,1,1,,
132652,0:00,23:30,,,,,,1,
132652,0:00,23:30,,,,,,,1
132651,0:00,23:30,1,1,1,1,1,,
132651,0:00,23:30,,,,,,1,
132651,0:00,23:30,,,,,,,1
132650,0:00,23:30,1,1,1,1,1,,
132650,0:00,23:30,,,,,,1,
132650,0:00,23:30,,,,,,,1
132649,0:00,23:30,1,1,1,1,1,,
132649,0:00,23:30,,,,,,1,
132649,0:00,23:30,,,,,,,1
132648,0:00,23:30,1,1,1,1,1,,
132648,0:00,23:30,,,,,,1,
132648,0:00,23:30,,,,,,,1
132647,0:00,23:30,1,1,1,1,1,,
132647,0:00,23:30,,,,,,1,
132647,0:00,23:30,,,,,,,1
132646,0:00,23:30,1,1,1,1,1,,
132646,0:00,23:30,,,,,,1,
132646,0:00,23:30,,,,,,,1
132645,0:00,23:30,1,1,1,1,1,,
132645,0:00,23:30,,,,,,1,
132645,0:00,23:30,,,,,,,1
132644,0:00,23:30,1,1,1,1,1,,
132644,0:00,23:30,,,,,,1,
132644,0:00,23:30,,,,,,,1
132643,0:00,23:30,1,1,1,1,1,,
132643,0:00,23:30,,,,,,1,
132643,0:00,23:30,,,,,,,1
132642,0:00,23:30,1,1,1,1,1,,
132642,0:00,23:30,,,,,,1,
132642,0:00,23:30,,,,,,,1
132641,0:00,23:30,1,1,1,1,1,,
132641,0:00,23:30,,,,,,1,
132641,0:00,23:30,,,,,,,1
132640,0:00,23:30,1,1,1,1,1,,
132640,0:00,23:30,,,,,,1,
132640,0:00,23:30,,,,,,,1
132639,0:00,23:30,1,1,1,1,1,,
132639,0:00,23:30,,,,,,1,
132639,0:00,23:30,,,,,,,1
132638,0:00,23:30,1,1,1,1,1,,
132638,0:00,23:30,,,,,,1,
132638,0:00,23:30,,,,,,,1
132637,0:00,23:30,1,1,1,1,1,,
132637,0:00,23:30,,,,,,1,
132637,0:00,23:30,,,,,,,1
132636,0:00,23:30,,,,,,1,
132636,0:00,23:30,1,1,1,1,1,,
132636,0:00,23:30,,,,,,,1
132635,0:00,23:30,1,1,1,1,1,,
132635,0:00,23:30,,,,,,1,
132635,0:00,23:30,,,,,,,1
132634,0:00,23:30,1,1,1,1,1,,
132634,0:00,23:30,,,,,,1,
132634,0:00,23:30,,,,,,,1
132633,0:00,23:30,1,1,1,1,1,,
132633,0:00,23:30,,,,,,1,
132633,0:00,23:30,,,,,,,1
132632,0:00,23:30,1,1,1,1,1,,
132632,0:00,23:30,,,,,,1,
132632,0:00,23:30,,,,,,,1
132631,0:00,23:30,1,1,1,1,1,,
132631,0:00,23:30,,,,,,1,
132631,0:00,23:30,,,,,,,1
132630,0:00,23:30,1,1,1,1,1,,
132630,0:00,23:30,,,,,,1,
132630,0:00,23:30,,,,,,,1
132629,0:00,23:30,1,1,1,1,1,,
132629,0:00,23:30,,,,,,1,
132629,0:00,23:30,,,,,,,1
132628,0:00,23:30,1,1,1,1,1,,
132628,0:00,23:30,,,,,,1,
132628,0:00,23:30,,,,,,,1
132626,0:00,23:30,1,1,1,1,1,,
132626,0:00,23:30,,,,,,1,
132626,0:00,23:30,,,,,,,1
132625,0:00,23:30,1,1,1,1,1,,
132625,0:00,23:30,,,,,,1,
132625,0:00,23:30,,,,,,,1
132624,0:00,23:30,1,1,1,1,1,,
132624,0:00,23:30,,,,,,1,
132624,0:00,23:30,,,,,,,1
132623,0:00,23:30,1,1,1,1,1,,
132623,0:00,23:30,,,,,,1,
132623,0:00,23:30,,,,,,,1
132622,4:30,23:30,1,1,1,1,1,,
132622,0:00,23:30,,,,,,1,
132622,0:00,23:30,,,,,,,1
132621,0:00,23:30,1,1,1,1,1,,
132621,0:00,23:30,,,,,,1,
132621,0:00,23:30,,,,,,,1
132620,6:30,23:30,1,1,1,1,1,,
132620,0:00,23:30,,,,,,1,
132620,0:00,23:30,,,,,,,1
132619,0:00,23:30,1,1,1,1,1,,
132619,0:00,23:30,,,,,,1,
132619,0:00,23:30,,,,,,,1
132618,4:30,23:30,1,1,1,1,1,,
132618,0:00,23:30,,,,,,1,
132618,0:00,23:30,,,,,,,1
132617,0:00,23:30,1,1,1,1,1,,
132617,0:00,23:30,,,,,,1,
132617,0:00,23:30,,,,,,,1
132616,6:00,23:30,1,1,1,1,1,,
132616,0:00,23:30,,,,,,1,
132616,0:00,23:30,,,,,,,1
132615,0:00,23:30,1,1,1,1,1,,
132615,0:00,23:30,,,,,,1,
132615,0:00,23:30,,,,,,,1
132614,3:00,23:30,1,1,1,1,1,,
132614,0:00,23:30,,,,,,1,
132614,0:00,23:30,,,,,,,1
132613,8:00,16:00,1,1,1,1,1,,
132613,7:00,16:00,,,,,,1,
132613,7:00,16:00,,,,,,,1
132612,9:00,20:00,1,1,1,1,1,,
132612,9:00,20:00,,,,,,1,
132612,10:00,20:00,,,,,,,1
132611,8:00,16:00,1,1,1,1,1,,
132611,9:00,16:00,,,,,,1,
132611,0:00,23:30,,,,,,,1
132610,8:00,16:00,1,1,1,1,1,,
132610,9:00,16:00,,,,,,1,
132610,0:00,23:30,,,,,,,1
132609,12:00,18:00,1,1,1,1,1,,
132609,10:00,18:00,,,,,,1,
132609,0:00,23:30,,,,,,,1
132608,19:00,2:00,1,1,1,1,1,,
132608,19:00,2:00,,,,,,1,
132608,19:00,2:00,,,,,,,1
132607,20:00,3:00,1,1,1,1,1,,
132607,20:00,2:00,,,,,,1,
132607,20:00,20:00,,,,,,,1
132598,0:00,23:30,1,1,1,1,1,,
132598,0:00,23:30,,,,,,1,
132598,0:00,23:30,,,,,,,1
132597,0:00,23:30,1,1,1,1,1,,
132597,0:00,23:30,,,,,,1,
132597,0:00,23:30,,,,,,,1
132595,9:30,23:30,1,1,1,1,1,,
132595,9:30,23:30,,,,,,1,
132595,9:30,23:30,,,,,,,1
132594,9:30,23:30,1,1,1,1,1,,
132594,9:00,23:30,,,,,,1,
132594,9:00,23:30,,,,,,,1
132592,9:30,23:30,1,1,1,1,1,,
132592,0:00,23:30,,,,,,1,
132592,0:00,23:30,,,,,,,1
132591,9:00,23:30,1,1,1,1,1,,
132591,9:00,23:30,,,,,,1,
132591,9:00,23:30,,,,,,,1
132589,9:30,23:30,1,1,1,1,1,,
132589,9:00,23:30,,,,,,1,
132589,9:00,23:30,,,,,,,1
132588,9:00,23:30,1,1,1,1,1,,
132588,9:00,23:30,,,,,,1,
132588,9:00,23:30,,,,,,,1
132587,7:30,23:30,1,1,1,1,1,,
132587,8:30,23:30,,,,,,1,
132587,7:30,23:30,,,,,,,1
132586,9:00,23:30,1,1,1,1,1,,
132586,9:00,23:30,,,,,,1,
132586,9:00,23:30,,,,,,,1
132585,9:00,23:30,1,1,1,1,1,,
132585,9:00,23:30,,,,,,1,
132585,9:30,23:30,,,,,,,1
132584,8:30,20:00,1,1,1,1,1,,
132584,9:00,22:00,,,,,,1,
132584,9:00,20:30,,,,,,,1
132582,8:00,21:00,1,1,1,1,1,,
132582,10:00,18:00,,,,,,1,
132582,10:00,18:00,,,,,,,1
132581,0:00,23:30,1,1,1,1,1,,
132581,0:00,23:30,,,,,,1,
132581,0:00,23:30,,,,,,,1
132580,0:00,23:30,1,1,1,1,1,,
132580,0:00,23:30,,,,,,1,
132580,0:00,23:30,,,,,,,1
132579,13:00,18:00,1,1,1,1,1,,
132579,13:00,18:00,,,,,,1,
132579,13:00,18:00,,,,,,,1
132578,18:00,23:30,1,1,1,1,1,,
132578,18:00,23:30,,,,,,1,
132578,18:00,23:30,,,,,,,1
132577,10:00,22:00,1,1,1,1,1,,
132577,11:00,22:00,,,,,,1,
132577,11:00,22:00,,,,,,,1
132576,10:00,22:00,1,1,1,1,1,,
132576,11:00,22:00,,,,,,1,
132576,11:00,22:00,,,,,,,1
132575,0:00,23:30,1,1,1,1,1,,
132575,0:00,23:30,,,,,,1,
132575,0:00,23:30,,,,,,,1
132574,10:00,18:00,1,1,1,1,1,,
132574,11:00,16:00,,,,,,1,
132574,11:00,16:00,,,,,,,1
132573,7:00,23:30,1,1,1,1,1,,
132573,7:00,23:30,,,,,,1,
132573,7:00,23:30,,,,,,,1
132572,0:00,23:30,1,1,1,1,1,,
132572,0:00,23:30,,,,,,1,
132572,0:00,23:30,,,,,,,1
132571,0:00,23:30,1,1,1,1,1,,
132571,0:00,23:30,,,,,,1,
132571,0:00,23:30,,,,,,,1
132570,0:00,23:30,1,1,1,1,1,,
132570,0:00,23:30,,,,,,1,
132570,0:00,23:30,,,,,,,1
132569,0:00,23:30,1,1,1,1,1,,
132569,0:00,23:30,,,,,,1,
132569,0:00,23:30,,,,,,,1
132568,0:00,23:30,1,1,1,1,1,,
132568,0:00,23:30,,,,,,1,
132568,0:00,23:30,,,,,,,1
132567,0:00,23:30,1,1,1,1,1,,
132567,0:00,23:30,,,,,,1,
132567,0:00,23:30,,,,,,,1
132566,0:00,23:30,1,1,1,1,1,,
132566,0:00,23:30,,,,,,1,
132566,0:00,23:30,,,,,,,1
132565,0:00,23:30,1,1,1,1,1,,
132565,0:00,23:30,,,,,,1,
132565,0:00,23:30,,,,,,,1
132564,0:00,23:30,1,1,1,1,1,,
132564,0:00,23:30,,,,,,1,
132564,0:00,23:30,,,,,,,1
132563,0:00,23:30,1,1,1,1,1,,
132563,0:00,23:30,,,,,,1,
132563,0:00,23:30,,,,,,,1
132562,0:00,23:30,1,1,1,1,1,,
132562,0:00,23:30,,,,,,1,
132562,0:00,23:30,,,,,,,1
132561,0:00,23:30,1,1,1,1,1,,
132561,0:00,23:30,,,,,,1,
132561,0:00,23:30,,,,,,,1
132560,8:00,12:00,1,1,1,1,1,,
132560,0:00,0:00,,,,,,1,
132560,0:00,0:00,,,,,,,1
132557,16:30,22:00,1,1,1,1,1,,
132557,16:30,22:00,,,,,,,1
132557,16:30,22:00,1,1,1,1,1,,
132557,16:30,22:00,,,,,,1,
132557,16:30,22:00,,,,,,,1
132545,7:00,22:00,,,,,,1,
132545,7:00,22:00,,,,,,,1
132545,7:00,22:00,1,1,1,1,1,,
132545,7:00,22:00,,,,,,1,
132545,7:00,22:00,1,1,1,1,1,,
132544,17:00,22:00,,,,,,1,
132544,17:00,22:00,,,,,,,1
132544,17:00,22:00,1,1,1,1,1,,
132544,17:00,22:00,1,1,1,1,1,,
132544,17:00,22:00,,,,,,1,
132536,17:00,22:00,1,1,1,1,1,,
132536,17:00,22:00,1,1,1,1,1,,
132535,12:00,17:00,1,1,1,1,1,,
132535,12:00,17:00,1,1,1,1,1,,
132535,12:00,17:00,,,,,,1,
132532,12:00,17:00,1,1,1,1,1,,
132532,12:00,17:00,,,,,,1,
132531,11:00,21:00,,,,,,1,
132531,11:00,21:00,,,,,,,1
132531,11:00,21:00,1,1,1,1,1,,
132531,11:00,21:00,1,1,1,1,1,,
132531,11:00,21:00,,,,,,1,
132530,16:30,23:00,,,,,,,1
